"0","xfun::download_file(""https://www.dropbox.com/s/4gkv8cmqsmnq9hd/list_inflation_plots.Rdata?dl=1"", mode=""wb"", output=""inflation_plots.Rdata"")"
"2","嘗試 URL 'https://www.dropbox.com/s/4gkv8cmqsmnq9hd/list_inflation_plots.Rdata?dl=1'
"
"2","Content type 'application/binary'"
"2"," length 124781 bytes (121 KB)
"
"2","="
"2","="
"2","="
"2","="
"2","="
"2","="
"2","="
"2","="
"2","="
"2","="
"2","="
"2","="
"2","="
"2","="
"2","="
"2","="
"2","="
"2","="
"2","="
"2","="
"2","="
"2","="
"2","="
"2","="
"2","="
"2","="
"2","="
"2","="
"2","="
"2","="
"2","="
"2","="
"2","="
"2","="
"2","="
"2","="
"2","="
"2","="
"2","="
"2","="
"2","="
"2","="
"2","="
"2","="
"2","="
"2","="
"2","="
"2","="
"2","="
"2","="
"2","
"
"2","downloaded 121 KB

"
"1","[1]"
"1"," 0"
"1","
"
